insert into EST_ESTADO (COD_ESTADO,TXT_DESCRICAO) values (1,'EM FILA');
insert into EST_ESTADO (COD_ESTADO,TXT_DESCRICAO) values (5,'ERRO');
insert into EST_ESTADO (COD_ESTADO,TXT_DESCRICAO) values (2,'PROCESSAMENTO');
insert into EST_ESTADO (COD_ESTADO,TXT_DESCRICAO) values (3,'PROCESSADO COM SUCESSO');
insert into EST_ESTADO (COD_ESTADO,TXT_DESCRICAO) values (4,'PROCESSADO COM ERRO');

insert into EST_GRUPO_TIPO_EVENTO (COD_GRUPO_TIPO,TXT_DESCRICAO) values (1,'Eventos de Tabelas');
insert into EST_GRUPO_TIPO_EVENTO (COD_GRUPO_TIPO,TXT_DESCRICAO) values (2,'Eventos Não Periódicos');
insert into EST_GRUPO_TIPO_EVENTO (COD_GRUPO_TIPO,TXT_DESCRICAO) values (3,'Eventos Periódicos');

insert into EST_TIPO (COD_TIPO,COD_GRUPO_TIPO,DES_TIPO) values (1000,1,'Informações do Empregador/Contribuinte/Órgão Público');
insert into EST_TIPO (COD_TIPO,COD_GRUPO_TIPO,DES_TIPO) values (1005,1,'Tabela de Estabelecimentos, Obras ou Unidades de Órgãos Públicos');
insert into EST_TIPO (COD_TIPO,COD_GRUPO_TIPO,DES_TIPO) values (1010,1,'Tabela de Rubricas');
insert into EST_TIPO (COD_TIPO,COD_GRUPO_TIPO,DES_TIPO) values (1020,1,'Tabela de Lotações Tributárias');
insert into EST_TIPO (COD_TIPO,COD_GRUPO_TIPO,DES_TIPO) values (1030,1,'Tabela de Cargos/Empregos Públicos');
insert into EST_TIPO (COD_TIPO,COD_GRUPO_TIPO,DES_TIPO) values (1035,1,'Tabela de Carreiras Públicas');
insert into EST_TIPO (COD_TIPO,COD_GRUPO_TIPO,DES_TIPO) values (1040,1,'Tabela de Funções/Cargos em Comissão');
insert into EST_TIPO (COD_TIPO,COD_GRUPO_TIPO,DES_TIPO) values (1050,1,'Tabela de Horários/Turnos de Trabalho');
insert into EST_TIPO (COD_TIPO,COD_GRUPO_TIPO,DES_TIPO) values (1060,1,'Tabela de Ambientes de Trabalho');
insert into EST_TIPO (COD_TIPO,COD_GRUPO_TIPO,DES_TIPO) values (1070,1,'Tabela de Processos Administrativos/Judiciais');
insert into EST_TIPO (COD_TIPO,COD_GRUPO_TIPO,DES_TIPO) values (1080,1,'Tabela de Operadores Portuários');
insert into EST_TIPO (COD_TIPO,COD_GRUPO_TIPO,DES_TIPO) values (1200,3,'Remuneração de trabalhador vinculado ao Regime Geral de Previd. Social');
insert into EST_TIPO (COD_TIPO,COD_GRUPO_TIPO,DES_TIPO) values (1202,3,'Remuneração de servidor vinculado a Regime Próprio de Previd. Social');
insert into EST_TIPO (COD_TIPO,COD_GRUPO_TIPO,DES_TIPO) values (1207,3,'Benefícios previdenciários - RPPS');
insert into EST_TIPO (COD_TIPO,COD_GRUPO_TIPO,DES_TIPO) values (1210,3,'Pagamentos de Rendimentos do Trabalho');
insert into EST_TIPO (COD_TIPO,COD_GRUPO_TIPO,DES_TIPO) values (1250,3,'Aquisição de Produção Rural');
insert into EST_TIPO (COD_TIPO,COD_GRUPO_TIPO,DES_TIPO) values (1260,3,'Comercialização da Produção Rural Pessoa Física');
insert into EST_TIPO (COD_TIPO,COD_GRUPO_TIPO,DES_TIPO) values (1270,3,'Contratação de Trabalhadores Avulsos Não Portuários');
insert into EST_TIPO (COD_TIPO,COD_GRUPO_TIPO,DES_TIPO) values (1280,3,'Informações Complementares aos Eventos Periódicos');
insert into EST_TIPO (COD_TIPO,COD_GRUPO_TIPO,DES_TIPO) values (1295,3,'Solicitação de Totalização para Pagamento em Contingência');
insert into EST_TIPO (COD_TIPO,COD_GRUPO_TIPO,DES_TIPO) values (1298,3,'Reabertura dos Eventos Periódicos');
insert into EST_TIPO (COD_TIPO,COD_GRUPO_TIPO,DES_TIPO) values (1299,3,'Fechamento dos Eventos Periódicos');
insert into EST_TIPO (COD_TIPO,COD_GRUPO_TIPO,DES_TIPO) values (1300,3,'Contribuição Sindical Patronal');
insert into EST_TIPO (COD_TIPO,COD_GRUPO_TIPO,DES_TIPO) values (2200,2,'Cadastramento Inicial do Vínculo e Admissão/Ingresso de Trabalhador');
insert into EST_TIPO (COD_TIPO,COD_GRUPO_TIPO,DES_TIPO) values (2205,2,'Alteração de Dados Cadastrais do Trabalhador');
insert into EST_TIPO (COD_TIPO,COD_GRUPO_TIPO,DES_TIPO) values (2206,2,'Alteração de Contrato de Trabalho');
insert into EST_TIPO (COD_TIPO,COD_GRUPO_TIPO,DES_TIPO) values (2210,2,'Comunicação de Acidente de Trabalho');
insert into EST_TIPO (COD_TIPO,COD_GRUPO_TIPO,DES_TIPO) values (2220,2,'Monitoramento da Saúde do Trabalhador');
insert into EST_TIPO (COD_TIPO,COD_GRUPO_TIPO,DES_TIPO) values (2230,2,'Afastamento Temporário');
insert into EST_TIPO (COD_TIPO,COD_GRUPO_TIPO,DES_TIPO) values (2240,2,'Condições Ambientais do Trabalho - Fatores de Risco');
insert into EST_TIPO (COD_TIPO,COD_GRUPO_TIPO,DES_TIPO) values (2241,2,'Insalubridade, Periculosidade e Aposentadoria Especial');
insert into EST_TIPO (COD_TIPO,COD_GRUPO_TIPO,DES_TIPO) values (2250,2,'Aviso Prévio');
insert into EST_TIPO (COD_TIPO,COD_GRUPO_TIPO,DES_TIPO) values (2260,2,'Convocação para Trabalho Intermitente');
insert into EST_TIPO (COD_TIPO,COD_GRUPO_TIPO,DES_TIPO) values (2298,2,'Reintegração');
insert into EST_TIPO (COD_TIPO,COD_GRUPO_TIPO,DES_TIPO) values (2299,2,'Desligamento');
insert into EST_TIPO (COD_TIPO,COD_GRUPO_TIPO,DES_TIPO) values (2300,2,'Trabalhador Sem Vínculo de Emprego/Estatutário - Início');
insert into EST_TIPO (COD_TIPO,COD_GRUPO_TIPO,DES_TIPO) values (2306,2,'Trabalhador Sem Vínculo de Emprego/Estatutário - Alteração Contratual');
insert into EST_TIPO (COD_TIPO,COD_GRUPO_TIPO,DES_TIPO) values (2399,2,'Trabalhador Sem Vínculo de Emprego/Estatutário - Término');
insert into EST_TIPO (COD_TIPO,COD_GRUPO_TIPO,DES_TIPO) values (2400,2,'Cadastro de Benefícios Previdenciários - RPPS');
insert into EST_TIPO (COD_TIPO,COD_GRUPO_TIPO,DES_TIPO) values (3000,2,'Exclusão de eventos');
insert into EST_TIPO (COD_TIPO,COD_GRUPO_TIPO,DES_TIPO) values (5001,2,'Informações das contribuições sociais por trabalhador');
insert into EST_TIPO (COD_TIPO,COD_GRUPO_TIPO,DES_TIPO) values (5002,2,'Imposto de Renda Retido na Fonte');
insert into EST_TIPO (COD_TIPO,COD_GRUPO_TIPO,DES_TIPO) values (5011,2,'Informações das contribuições sociais consolidadas por contribuinte');
insert into EST_TIPO (COD_TIPO,COD_GRUPO_TIPO,DES_TIPO) values (5012,2,'Informações do IRRF consolidadas por contribuinte');

insert into EST_TIPO_ERRO_PROCESSAMENTO (COD_TIPO_ERRO_PROCESSAMENTO,DES_TIPO_OCORRENCIA) values (1,'Erro');
insert into EST_TIPO_ERRO_PROCESSAMENTO (COD_TIPO_ERRO_PROCESSAMENTO,DES_TIPO_OCORRENCIA) values (2,'Advertência');

insert into EST_RESPOSTA_GOV (COD_IDENTIFICADOR,DES_RESPOSTA,COD_GRUPO_RESPOSTA,COD_RESPOSTA) values (23,'Assinante inválido. Assinante não possui perfil de procuração eletrônica para enviar este tipo de evento ou assinante não consta como representante legal da empresa. ',2,411);
insert into EST_RESPOSTA_GOV (COD_IDENTIFICADOR,DES_RESPOSTA,COD_GRUPO_RESPOSTA,COD_RESPOSTA) values (22,'Erro na integração com o sistema Procuração Eletrônica Caixa. ',2,410);
insert into EST_RESPOSTA_GOV (COD_IDENTIFICADOR,DES_RESPOSTA,COD_GRUPO_RESPOSTA,COD_RESPOSTA) values (21,'Erro na integração com o sistema Procuração Eletrônica RFB',2,409);
insert into EST_RESPOSTA_GOV (COD_IDENTIFICADOR,DES_RESPOSTA,COD_GRUPO_RESPOSTA,COD_RESPOSTA) values (20,'A regra de precedência na transmissão de eventos não foi seguida. Eventos desse tipo não devem ser enviados para processamento em paralelo. Ver seção 5.6.1 do Manual de Orientação do Desenvolvedor. ',2,407);
insert into EST_RESPOSTA_GOV (COD_IDENTIFICADOR,DES_RESPOSTA,COD_GRUPO_RESPOSTA,COD_RESPOSTA) values (19,'Evento não pertence ao grupo especificado no lote de eventos ',2,406);
insert into EST_RESPOSTA_GOV (COD_IDENTIFICADOR,DES_RESPOSTA,COD_GRUPO_RESPOSTA,COD_RESPOSTA) values (1,'Sucesso',2,201);
insert into EST_RESPOSTA_GOV (COD_IDENTIFICADOR,DES_RESPOSTA,COD_GRUPO_RESPOSTA,COD_RESPOSTA) values (2,'Sucesso com advertência.',2,202);
insert into EST_RESPOSTA_GOV (COD_IDENTIFICADOR,DES_RESPOSTA,COD_GRUPO_RESPOSTA,COD_RESPOSTA) values (3,'Erro Servidor',2,301);
insert into EST_RESPOSTA_GOV (COD_IDENTIFICADOR,DES_RESPOSTA,COD_GRUPO_RESPOSTA,COD_RESPOSTA) values (4,'Erro no conteúdo do evento.',2,401);
insert into EST_RESPOSTA_GOV (COD_IDENTIFICADOR,DES_RESPOSTA,COD_GRUPO_RESPOSTA,COD_RESPOSTA) values (5,'Schema inválido',2,402);
insert into EST_RESPOSTA_GOV (COD_IDENTIFICADOR,DES_RESPOSTA,COD_GRUPO_RESPOSTA,COD_RESPOSTA) values (6,'Leiaute inválido',2,403);
insert into EST_RESPOSTA_GOV (COD_IDENTIFICADOR,DES_RESPOSTA,COD_GRUPO_RESPOSTA,COD_RESPOSTA) values (7,'Erro do certificado digital da assinatura do evento',2,404);
insert into EST_RESPOSTA_GOV (COD_IDENTIFICADOR,DES_RESPOSTA,COD_GRUPO_RESPOSTA,COD_RESPOSTA) values (8,'Erro na assinatura evento',2,405);
insert into EST_RESPOSTA_GOV (COD_IDENTIFICADOR,DES_RESPOSTA,COD_GRUPO_RESPOSTA,COD_RESPOSTA) values (9,'Erro na integração com o sistema CNPJ / CPF. ',2,408);
insert into EST_RESPOSTA_GOV (COD_IDENTIFICADOR,DES_RESPOSTA,COD_GRUPO_RESPOSTA,COD_RESPOSTA) values (10,'Lote Aguardando Processamento',1,101);
insert into EST_RESPOSTA_GOV (COD_IDENTIFICADOR,DES_RESPOSTA,COD_GRUPO_RESPOSTA,COD_RESPOSTA) values (11,'Lote recebido com sucesso',1,201);
insert into EST_RESPOSTA_GOV (COD_IDENTIFICADOR,DES_RESPOSTA,COD_GRUPO_RESPOSTA,COD_RESPOSTA) values (12,'Lote recebido com Advertência',1,202);
insert into EST_RESPOSTA_GOV (COD_IDENTIFICADOR,DES_RESPOSTA,COD_GRUPO_RESPOSTA,COD_RESPOSTA) values (13,'Erro Servidor ESOCIAL',1,301);
insert into EST_RESPOSTA_GOV (COD_IDENTIFICADOR,DES_RESPOSTA,COD_GRUPO_RESPOSTA,COD_RESPOSTA) values (14,'Lote Incorreto - Erro preenchimento',1,401);
insert into EST_RESPOSTA_GOV (COD_IDENTIFICADOR,DES_RESPOSTA,COD_GRUPO_RESPOSTA,COD_RESPOSTA) values (15,'Lote Incorreto - Schema Inválido',1,402);
insert into EST_RESPOSTA_GOV (COD_IDENTIFICADOR,DES_RESPOSTA,COD_GRUPO_RESPOSTA,COD_RESPOSTA) values (16,'Lote Incorreto - Versão do Schema não permitida',1,403);
insert into EST_RESPOSTA_GOV (COD_IDENTIFICADOR,DES_RESPOSTA,COD_GRUPO_RESPOSTA,COD_RESPOSTA) values (17,'Lote Incorreto - Erro Certificado',1,404);
insert into EST_RESPOSTA_GOV (COD_IDENTIFICADOR,DES_RESPOSTA,COD_GRUPO_RESPOSTA,COD_RESPOSTA) values (18,'Lote Incorreto - Lote nulo ou vazio',1,405);
insert into EST_RESPOSTA_GOV (COD_IDENTIFICADOR,DES_RESPOSTA,COD_GRUPO_RESPOSTA,COD_RESPOSTA) values (24,'Solicitação de Consulta Incorreta - Erro Preenchimento',1,501);
insert into EST_RESPOSTA_GOV (COD_IDENTIFICADOR,DES_RESPOSTA,COD_GRUPO_RESPOSTA,COD_RESPOSTA) values (25,'Solicitação de Consulta Incorreta - Schema Inválido',1,502);
insert into EST_RESPOSTA_GOV (COD_IDENTIFICADOR,DES_RESPOSTA,COD_GRUPO_RESPOSTA,COD_RESPOSTA) values (26,'Solicitação de Consulta Incorreta - Versão do Schema Não Permitida',1,503);
insert into EST_RESPOSTA_GOV (COD_IDENTIFICADOR,DES_RESPOSTA,COD_GRUPO_RESPOSTA,COD_RESPOSTA) values (27,'Solicitação de Consulta Incorreta - Erro Certificado',1,504);
insert into EST_RESPOSTA_GOV (COD_IDENTIFICADOR,DES_RESPOSTA,COD_GRUPO_RESPOSTA,COD_RESPOSTA) values (30,'Solicitação de Consulta Incorreta - Consulta nula o vazia',1,'505');
